,cluster
AHCNC2ADXX.N708_CAGAGAGG,1
AHCNC2ADXX.N710_CGAGGCTG,1
AHCNMFADXX.N703-S508_AGGCAGAA-CTAAGCCT,4
AHCNMFADXX.N709-S507_GCTACGCT-AAGGAGTA,1
AHCT5GADXX.N703-S501_AGGCAGAA-TAGATCGC,3
BHCNFHADXX.N710-S505_CGAGGCTG-GTAAGGAG,3
BHCNG3ADXX.N701-S503_TAAGGCGA-TATCCTCT,1
BHCNG3ADXX.N708-S502_CAGAGAGG-CTCTCTAT,3
BHCNG3ADXX.N709-S502_GCTACGCT-CTCTCTAT,1
BHCNG3ADXX.N711-S502_AAGAGGCA-CTCTCTAT,2
BHCNJJADXX.N703-S503_AGGCAGAA-TATCCTCT,3
BHCNJJADXX.N705-S503_GGACTCCT-TATCCTCT,3
BHCNK3ADXX.N712-S506_GTAGAGGA-ACTGCATA,2
HGK52ADXX_PG0662_172A0906_H3_L001,1
HGK7MADXX_PG0662_19A0305_H3_L001,4
HGK7MADXX_PG0662_87A0503_H3_L002,3
HGKMWADXX_PG0662_166A0807_H3_L002,2
HGKMWADXX_PG0662_92A0617_H3_L001,4
HGKY5ADXX_PG0662_332A0817_H1_L001,2
HGKY7ADXX_PG0662_182A0217_H1_L002,3
HGKY7ADXX_PG0662_239A0206_H1_L001,2
HGKYWADXX_PG0662_245A0305_H1_L002,1
HGKYWADXX_PG0662_255A0407_H1_L001,1
HGKYWADXX_PG0662_259A0504_H1_L001,1
HJK7MADXX_PG0783_04A0104_H1_L002,1
HJK7NADXX_PG0783_128A0406_H1_L002,1
HJK7VADXX_PG0783_22A0417_H1_L001,4
HJK7VADXX_PG0783_23A0402_H1_L002,2
HJKHJADXX_PG0783_75A0417_H1_L001,2
HJKHJADXX_PG0783_98A0717_H1_L001,1
HJKHTADXX_PG0783_65A0205_H1_L002,1
HJKJ2ADXX_PG0783_27A0405_H1_L001,3
HJKJJADXX_PG0783_92A0603_H1_L002,1
HJKNLADXX_PG0783_89A0507_H1_L002,4
HJKTNADXX_PG0783_132A0504_H1_L002,2
HJKTNADXX_PG0783_145A0703_H1_L001,1
mix2_N711-N504_AAGAGGCA-AGAGTAGA,1
mix3_N705-N506_GGACTCCT-ACTGCATA,4
mix35_mix36-N712-S507_GTAGAGGA-AAGGAGTA,1
mix6_N707-N504_CTCTCTAC-AGAGTAGA,4
